time,price,atr,atr_pct,adx,signal,reason,confidence,entry,sl,tp,prob_short,prob_hold,prob_long
2026-05-01 14:30,78226.9,281.2,1.000,51.2,NO_TRADE,low_confidence,0.000,,,,0.477,0.257,0.266
2026-05-01 14:45,78121.8,262.4,0.979,48.0,NO_TRADE,low_confidence,0.000,,,,0.470,0.263,0.267
2026-05-01 15:00,78295.0,261.9,0.969,47.4,NO_TRADE,low_confidence,0.000,,,,0.448,0.261,0.291
2026-05-01 15:15,78435.1,263.8,0.958,46.5,NO_TRADE,direction_blocked,0.000,,,,0.491,0.280,0.229
2026-05-01 15:30,78510.4,258.1,0.938,46.4,NO_TRADE,direction_blocked,0.000,,,,0.486,0.278,0.236
2026-05-01 15:45,78633.0,254.3,0.927,46.4,NO_TRADE,direction_blocked,0.000,,,,0.502,0.285,0.213
2026-05-01 16:00,78427.5,271.0,0.927,42.8,NO_TRADE,direction_blocked,0.000,,,,0.489,0.290,0.221
2026-05-01 16:15,78326.0,270.3,0.917,41.0,NO_TRADE,low_confidence,0.000,,,,0.434,0.268,0.299
2026-05-01 16:30,78297.0,271.1,0.906,37.8,NO_TRADE,low_confidence,0.000,,,,0.451,0.269,0.280
2026-05-01 16:45,78231.2,266.5,0.896,35.6,NO_TRADE,low_confidence,0.000,,,,0.425,0.269,0.306
2026-05-01 17:00,78175.5,259.9,0.885,33.4,NO_TRADE,low_confidence,0.000,,,,0.455,0.284,0.260
2026-05-01 17:15,78310.2,256.6,0.865,31.1,NO_TRADE,low_confidence,0.000,,,,0.460,0.288,0.253
2026-05-01 17:30,78223.4,249.5,0.844,29.2,NO_TRADE,low_confidence,0.000,,,,0.430,0.282,0.288
2026-05-01 17:45,78411.7,256.2,0.844,29.1,NO_TRADE,low_confidence,0.000,,,,0.436,0.274,0.291
2026-05-01 18:00,78529.9,250.5,0.823,28.5,NO_TRADE,low_confidence,0.000,,,,0.462,0.294,0.244
2026-05-01 18:15,78488.0,260.7,0.844,28.6,NO_TRADE,low_confidence,0.000,,,,0.447,0.280,0.272
2026-05-01 18:30,78554.3,235.5,0.802,27.5,NO_TRADE,low_confidence,0.000,,,,0.462,0.291,0.247
2026-05-01 18:45,78398.5,230.2,0.792,26.2,NO_TRADE,low_confidence,0.000,,,,0.429,0.275,0.295
2026-05-01 19:00,78412.1,225.0,0.781,24.9,NO_TRADE,low_confidence,0.000,,,,0.445,0.291,0.264
2026-05-01 19:15,78453.9,233.5,0.781,25.1,NO_TRADE,low_confidence,0.000,,,,0.446,0.287,0.267
2026-05-01 19:30,78376.0,211.7,0.750,22.7,NO_TRADE,low_confidence,0.000,,,,0.423,0.274,0.303
2026-05-01 19:45,78300.4,203.7,0.729,21.2,NO_TRADE,choppy,0.000,,,,0.439,0.295,0.266
2026-05-01 20:00,78316.9,213.4,0.740,21.5,NO_TRADE,choppy,0.000,,,,0.420,0.278,0.302
2026-05-01 20:15,78257.8,208.9,0.729,20.2,NO_TRADE,choppy,0.000,,,,0.421,0.277,0.302
2026-05-01 20:30,78112.2,194.2,0.688,19.2,NO_TRADE,choppy,0.000,,,,0.429,0.298,0.273
2026-05-01 20:45,77955.9,196.3,0.677,20.2,NO_TRADE,choppy,0.000,,,,0.399,0.289,0.313
2026-05-01 21:00,77837.2,201.1,0.677,21.9,NO_TRADE,choppy,0.000,,,,0.414,0.277,0.309
2026-05-01 21:15,77920.9,195.5,0.656,22.7,NO_TRADE,low_confidence,0.000,,,,0.418,0.277,0.305
2026-05-01 21:30,77983.1,205.6,0.677,22.1,NO_TRADE,low_confidence,0.000,,,,0.426,0.291,0.284
2026-05-01 21:45,78086.9,188.8,0.635,20.9,NO_TRADE,choppy,0.000,,,,0.424,0.293,0.283
2026-05-01 22:00,78179.1,182.2,0.625,20.0,NO_TRADE,choppy,0.000,,,,0.438,0.304,0.258
2026-05-01 22:15,78230.0,189.4,0.625,19.4,NO_TRADE,choppy,0.000,,,,0.436,0.294,0.270
2026-05-01 22:30,78299.9,172.5,0.521,17.5,NO_TRADE,choppy,0.000,,,,0.439,0.283,0.278
2026-05-01 22:45,78225.0,183.1,0.604,17.2,NO_TRADE,choppy,0.000,,,,0.440,0.289,0.271
2026-05-01 23:00,78100.0,167.2,0.479,15.7,NO_TRADE,choppy,0.000,,,,0.438,0.285,0.277
2026-05-01 23:15,78085.2,162.1,0.458,15.4,NO_TRADE,choppy,0.000,,,,0.449,0.305,0.246
2026-05-01 23:30,77999.0,157.3,0.417,15.7,NO_TRADE,choppy,0.000,,,,0.436,0.284,0.280
2026-05-01 23:45,78059.9,164.8,0.458,15.6,NO_TRADE,choppy,0.000,,,,0.444,0.298,0.258
2026-05-02 00:00,78192.0,164.1,0.448,14.7,NO_TRADE,choppy,0.000,,,,0.451,0.308,0.240
2026-05-02 00:15,78158.5,160.2,0.417,13.8,NO_TRADE,choppy,0.000,,,,0.442,0.283,0.274
2026-05-02 00:30,78234.9,162.8,0.427,13.4,NO_TRADE,choppy,0.000,,,,0.461,0.295,0.244
2026-05-02 00:45,78282.9,147.5,0.281,12.6,NO_TRADE,choppy,0.000,,,,0.471,0.301,0.228
2026-05-02 01:00,78283.7,146.0,0.240,12.9,NO_TRADE,choppy,0.000,,,,0.447,0.280,0.272
2026-05-02 01:15,78318.9,142.1,0.188,12.9,NO_TRADE,choppy,0.000,,,,0.445,0.280,0.276
2026-05-02 01:30,78304.9,135.9,0.083,12.9,NO_TRADE,choppy,0.000,,,,0.453,0.278,0.269
2026-05-02 01:45,78329.3,145.7,0.208,13.4,NO_TRADE,choppy,0.000,,,,0.460,0.285,0.254
2026-05-02 02:00,78295.8,140.9,0.146,13.7,NO_TRADE,choppy,0.000,,,,0.468,0.289,0.244
2026-05-02 02:15,78246.3,127.1,0.010,13.8,NO_TRADE,choppy,0.000,,,,0.462,0.286,0.252
2026-05-02 02:30,78229.9,124.5,0.010,13.3,NO_TRADE,choppy,0.000,,,,0.448,0.275,0.277
2026-05-02 02:45,78326.2,134.5,0.073,13.8,NO_TRADE,choppy,0.000,,,,0.468,0.290,0.243
2026-05-02 03:00,78328.2,127.8,0.010,16.0,NO_TRADE,choppy,0.000,,,,0.465,0.285,0.251
2026-05-02 03:15,78229.2,128.1,0.010,14.5,NO_TRADE,choppy,0.000,,,,0.467,0.293,0.240
2026-05-02 03:30,78338.2,131.8,0.021,14.6,NO_TRADE,choppy,0.000,,,,0.464,0.292,0.243
2026-05-02 03:45,78360.0,134.3,0.052,16.3,NO_TRADE,choppy,0.000,,,,0.456,0.280,0.264
2026-05-02 04:00,78377.9,132.5,0.031,16.9,NO_TRADE,choppy,0.000,,,,0.466,0.291,0.244
2026-05-02 04:15,78255.1,147.2,0.302,15.8,NO_TRADE,choppy,0.000,,,,0.443,0.275,0.281
2026-05-02 04:30,78228.4,131.0,0.010,15.0,NO_TRADE,choppy,0.000,,,,0.433,0.272,0.294
2026-05-02 04:45,78185.0,130.8,0.010,13.7,NO_TRADE,choppy,0.000,,,,0.428,0.270,0.302
2026-05-02 05:00,78137.4,141.8,0.198,14.2,NO_TRADE,choppy,0.000,,,,0.439,0.281,0.280
2026-05-02 05:15,78056.5,132.8,0.031,14.3,NO_TRADE,choppy,0.000,,,,0.440,0.281,0.279
2026-05-02 05:30,78067.7,130.1,0.010,14.6,NO_TRADE,choppy,0.000,,,,0.425,0.268,0.308
2026-05-02 05:45,78146.0,127.9,0.010,13.3,NO_TRADE,choppy,0.000,,,,0.430,0.266,0.305
2026-05-02 06:00,78162.4,125.8,0.010,12.0,NO_TRADE,choppy,0.000,,,,0.447,0.277,0.276
2026-05-02 06:15,78153.0,122.8,0.010,11.6,NO_TRADE,choppy,0.000,,,,0.436,0.275,0.290
2026-05-02 06:30,78100.0,127.9,0.010,11.5,NO_TRADE,choppy,0.000,,,,0.433,0.267,0.299
2026-05-02 06:45,78189.2,116.4,0.010,10.0,NO_TRADE,choppy,0.000,,,,0.455,0.282,0.263
2026-05-02 07:00,78275.2,117.4,0.010,11.5,NO_TRADE,choppy,0.000,,,,0.453,0.273,0.274
2026-05-02 07:15,78274.0,111.7,0.010,11.9,NO_TRADE,choppy,0.000,,,,0.389,0.266,0.345
2026-05-02 07:30,78275.2,106.2,0.010,12.2,NO_TRADE,choppy,0.000,,,,0.451,0.267,0.282
2026-05-02 07:45,78190.0,114.5,0.021,11.2,NO_TRADE,choppy,0.000,,,,0.449,0.268,0.283
2026-05-02 08:00,78181.6,111.2,0.010,10.4,NO_TRADE,choppy,0.000,,,,0.450,0.272,0.278
2026-05-02 08:15,78218.0,103.3,0.010,9.8,NO_TRADE,choppy,0.000,,,,0.455,0.285,0.260
2026-05-02 08:30,78239.3,99.5,0.010,9.1,NO_TRADE,choppy,0.000,,,,0.440,0.263,0.297
2026-05-02 08:45,78282.1,96.8,0.010,9.1,NO_TRADE,choppy,0.000,,,,0.448,0.261,0.291
2026-05-02 09:00,78272.2,101.9,0.010,9.2,NO_TRADE,choppy,0.000,,,,0.456,0.267,0.277
2026-05-02 09:15,78277.0,91.6,0.010,9.1,NO_TRADE,choppy,0.000,,,,0.417,0.268,0.315
2026-05-02 09:30,78268.1,93.5,0.010,9.2,NO_TRADE,choppy,0.000,,,,0.449,0.265,0.286
2026-05-02 09:45,78262.2,93.3,0.010,8.9,NO_TRADE,choppy,0.000,,,,0.479,0.287,0.234
2026-05-02 10:00,78252.3,95.6,0.021,8.9,NO_TRADE,choppy,0.000,,,,0.460,0.268,0.273
2026-05-02 10:15,78248.7,84.8,0.010,8.7,NO_TRADE,choppy,0.000,,,,0.455,0.262,0.283
2026-05-02 10:30,78190.6,85.1,0.010,9.8,NO_TRADE,choppy,0.000,,,,0.439,0.260,0.301
2026-05-02 10:45,78199.4,82.1,0.010,10.6,NO_TRADE,choppy,0.000,,,,0.424,0.260,0.316
2026-05-02 11:00,78180.0,80.3,0.010,11.0,NO_TRADE,choppy,0.000,,,,0.448,0.261,0.291
2026-05-02 11:15,78135.8,84.6,0.021,11.7,NO_TRADE,choppy,0.000,,,,0.447,0.265,0.289
2026-05-02 11:30,78171.0,77.4,0.010,13.8,NO_TRADE,choppy,0.000,,,,0.449,0.260,0.291
2026-05-02 11:45,78135.0,78.2,0.010,15.8,NO_TRADE,choppy,0.000,,,,0.475,0.281,0.243
2026-05-02 12:00,78105.6,83.8,0.021,16.0,NO_TRADE,choppy,0.000,,,,0.467,0.272,0.261
2026-05-02 12:15,78097.3,77.0,0.010,19.1,NO_TRADE,choppy,0.000,,,,0.466,0.283,0.250
2026-05-02 12:30,78208.0,80.4,0.010,16.7,NO_TRADE,choppy,0.000,,,,0.476,0.281,0.243
2026-05-02 12:45,78183.3,79.8,0.010,16.3,NO_TRADE,choppy,0.000,,,,0.413,0.277,0.310
2026-05-02 13:00,78190.1,78.7,0.010,16.2,NO_TRADE,choppy,0.000,,,,0.472,0.285,0.243
2026-05-02 13:15,78348.0,87.4,0.104,17.5,NO_TRADE,choppy,0.000,,,,0.469,0.261,0.270
2026-05-02 13:30,78262.5,86.8,0.104,18.0,NO_TRADE,choppy,0.000,,,,0.493,0.283,0.225
2026-05-02 13:45,78326.9,85.0,0.083,18.4,NO_TRADE,choppy,0.000,,,,0.498,0.284,0.218
2026-05-02 14:00,78332.0,90.9,0.125,18.7,NO_TRADE,choppy,0.000,,,,0.490,0.275,0.234
2026-05-02 14:15,78276.0,84.0,0.052,20.0,NO_TRADE,choppy,0.000,,,,0.469,0.258,0.273
2026-05-02 14:30,78380.1,90.8,0.135,22.2,NO_TRADE,low_confidence,0.000,,,,0.467,0.262,0.271
2026-05-02 14:45,78364.7,90.1,0.115,23.5,NO_TRADE,low_confidence,0.000,,,,0.473,0.259,0.267
2026-05-02 15:00,78391.6,90.9,0.135,25.0,NO_TRADE,direction_blocked,0.000,,,,0.504,0.276,0.221
2026-05-02 15:15,78396.9,87.9,0.115,26.2,NO_TRADE,low_confidence,0.000,,,,0.476,0.259,0.265
2026-05-02 15:30,78336.2,93.5,0.188,25.0,NO_TRADE,low_confidence,0.000,,,,0.477,0.263,0.260
2026-05-02 15:45,78397.9,85.9,0.094,25.3,NO_TRADE,low_volatility,0.000,,,,0.470,0.258,0.272
2026-05-02 16:00,78449.8,91.4,0.156,25.7,NO_TRADE,direction_blocked,0.000,,,,0.504,0.282,0.214
2026-05-02 16:15,78498.5,87.7,0.115,28.4,NO_TRADE,direction_blocked,0.000,,,,0.484,0.248,0.268
2026-05-02 16:30,78467.2,88.3,0.115,29.8,NO_TRADE,low_confidence,0.000,,,,0.470,0.255,0.275
2026-05-02 16:45,78390.1,87.1,0.104,28.4,NO_TRADE,direction_blocked,0.000,,,,0.513,0.267,0.220
2026-05-02 17:00,78419.9,85.8,0.094,28.3,NO_TRADE,low_volatility,0.000,,,,0.492,0.253,0.255
2026-05-02 17:15,78397.9,88.9,0.115,28.1,NO_TRADE,direction_blocked,0.000,,,,0.489,0.253,0.258
2026-05-02 17:30,78391.8,80.0,0.010,27.5,NO_TRADE,low_volatility,0.000,,,,0.477,0.251,0.272
2026-05-02 17:45,78387.2,78.4,0.010,28.0,NO_TRADE,low_volatility,0.000,,,,0.462,0.239,0.299
2026-05-02 18:00,78352.0,78.4,0.010,26.0,NO_TRADE,low_volatility,0.000,,,,0.454,0.238,0.308
2026-05-02 18:15,78286.1,77.3,0.010,23.8,NO_TRADE,low_volatility,0.000,,,,0.444,0.238,0.318
2026-05-02 18:30,78360.4,77.4,0.010,22.2,NO_TRADE,low_volatility,0.000,,,,0.478,0.252,0.271
2026-05-02 18:45,78379.0,76.7,0.010,22.7,NO_TRADE,low_volatility,0.000,,,,0.434,0.243,0.323
2026-05-02 19:00,78432.1,76.5,0.010,22.8,NO_TRADE,low_volatility,0.000,,,,0.493,0.250,0.257
2026-05-02 19:15,78437.2,81.4,0.010,23.0,NO_TRADE,low_volatility,0.000,,,,0.470,0.242,0.288
2026-05-02 19:30,78420.8,78.6,0.010,23.0,NO_TRADE,low_volatility,0.000,,,,0.482,0.245,0.273
2026-05-02 19:45,78460.0,73.1,0.010,23.9,NO_TRADE,low_volatility,0.000,,,,0.465,0.239,0.296
2026-05-02 20:00,78442.8,76.2,0.010,23.9,NO_TRADE,low_volatility,0.000,,,,0.487,0.249,0.264
2026-05-02 20:15,78394.5,74.6,0.010,23.8,NO_TRADE,low_volatility,0.000,,,,0.466,0.244,0.290
2026-05-02 20:30,78394.9,65.5,0.010,23.1,NO_TRADE,low_volatility,0.000,,,,0.466,0.246,0.288
2026-05-02 20:45,78399.9,64.2,0.010,23.9,NO_TRADE,low_volatility,0.000,,,,0.486,0.257,0.257
2026-05-02 21:00,78431.7,64.1,0.010,23.8,NO_TRADE,low_volatility,0.000,,,,0.500,0.259,0.241
2026-05-02 21:15,78408.9,63.1,0.010,25.1,NO_TRADE,low_volatility,0.000,,,,0.480,0.249,0.271
2026-05-02 21:30,78455.4,62.3,0.010,25.4,NO_TRADE,low_volatility,0.000,,,,0.508,0.256,0.237
2026-05-02 21:45,78766.1,111.6,0.583,28.5,NO_TRADE,direction_blocked,0.000,,,,0.512,0.255,0.233
2026-05-02 22:00,78689.7,118.2,0.615,31.9,NO_TRADE,direction_blocked,0.000,,,,0.491,0.251,0.258
2026-05-02 22:15,78745.1,111.8,0.594,36.7,NO_TRADE,direction_blocked,0.000,,,,0.480,0.247,0.273
2026-05-02 22:30,78590.0,124.4,0.646,36.0,NO_TRADE,direction_blocked,0.000,,,,0.481,0.250,0.269
2026-05-02 22:45,78619.6,115.8,0.615,38.9,NO_TRADE,direction_blocked,0.000,,,,0.484,0.248,0.268
2026-05-02 23:00,78774.8,123.3,0.646,40.9,NO_TRADE,low_confidence,0.000,,,,0.471,0.243,0.285
2026-05-02 23:15,78701.8,123.1,0.646,42.4,NO_TRADE,direction_blocked,0.000,,,,0.514,0.261,0.225
2026-05-02 23:30,78779.9,120.9,0.646,43.9,NO_TRADE,direction_blocked,0.000,,,,0.489,0.254,0.257
2026-05-02 23:45,78653.9,129.3,0.708,43.4,NO_TRADE,low_confidence,0.000,,,,0.478,0.242,0.280
2026-05-03 00:00,78661.7,118.3,0.625,43.4,NO_TRADE,direction_blocked,0.000,,,,0.508,0.256,0.237
2026-05-03 00:15,78533.4,133.6,0.771,42.4,NO_TRADE,low_confidence,0.000,,,,0.480,0.246,0.274
2026-05-03 00:30,78595.4,125.4,0.677,39.2,NO_TRADE,direction_blocked,0.000,,,,0.498,0.267,0.235
2026-05-03 00:45,78599.9,120.6,0.646,38.4,NO_TRADE,low_confidence,0.000,,,,0.473,0.246,0.281
2026-05-03 01:00,78499.9,123.4,0.646,34.6,NO_TRADE,low_confidence,0.000,,,,0.473,0.248,0.280
2026-05-03 01:15,78322.0,135.0,0.823,34.6,NO_TRADE,low_confidence,0.000,,,,0.474,0.252,0.274
2026-05-03 01:30,78231.0,139.1,0.875,33.8,NO_TRADE,low_confidence,0.000,,,,0.451,0.248,0.301
2026-05-03 01:45,78196.0,137.9,0.865,33.7,NO_TRADE,low_confidence,0.000,,,,0.464,0.253,0.282
2026-05-03 02:00,78176.1,134.7,0.823,33.2,NO_TRADE,low_confidence,0.000,,,,0.460,0.252,0.287
2026-05-03 02:15,78151.6,136.9,0.833,33.9,NO_TRADE,low_confidence,0.000,,,,0.466,0.257,0.278
2026-05-03 02:30,78077.9,132.8,0.771,34.0,NO_TRADE,low_confidence,0.000,,,,0.467,0.257,0.275
2026-05-03 02:45,78094.0,128.5,0.708,34.0,NO_TRADE,low_confidence,0.000,,,,0.470,0.271,0.259
2026-05-03 03:00,78131.4,133.7,0.802,33.7,NO_TRADE,low_confidence,0.000,,,,0.475,0.268,0.257
2026-05-03 03:15,78089.0,120.2,0.625,33.3,NO_TRADE,low_confidence,0.000,,,,0.458,0.255,0.286
2026-05-03 03:30,78075.2,113.8,0.594,33.2,NO_TRADE,direction_blocked,0.000,,,,0.488,0.280,0.232
2026-05-03 03:45,78097.3,112.6,0.594,31.3,NO_TRADE,low_confidence,0.000,,,,0.469,0.257,0.274
2026-05-03 04:00,78162.4,118.8,0.625,31.2,NO_TRADE,direction_blocked,0.000,,,,0.488,0.273,0.239
2026-05-03 04:15,78103.1,117.0,0.615,30.5,NO_TRADE,low_confidence,0.000,,,,0.464,0.261,0.275
2026-05-03 04:30,78183.3,107.4,0.562,28.2,NO_TRADE,direction_blocked,0.000,,,,0.481,0.272,0.246
2026-05-03 04:45,78148.3,103.3,0.542,27.2,NO_TRADE,low_confidence,0.000,,,,0.456,0.258,0.286
2026-05-03 05:00,78132.3,99.8,0.521,27.2,NO_TRADE,low_confidence,0.000,,,,0.470,0.266,0.264
2026-05-03 05:15,78204.0,99.7,0.521,24.9,NO_TRADE,direction_blocked,0.000,,,,0.490,0.280,0.230
2026-05-03 05:30,78180.7,95.1,0.469,23.7,NO_TRADE,direction_blocked,0.000,,,,0.493,0.277,0.230
2026-05-03 05:45,78158.4,90.4,0.312,23.0,NO_TRADE,low_confidence,0.000,,,,0.472,0.257,0.271
2026-05-03 06:00,78208.5,87.6,0.292,21.2,NO_TRADE,direction_blocked,0.000,,,,0.502,0.281,0.217
2026-05-03 06:15,78101.0,88.5,0.292,21.3,NO_TRADE,low_confidence,0.000,,,,0.465,0.257,0.278
2026-05-03 06:30,78068.7,94.5,0.458,22.1,NO_TRADE,low_confidence,0.000,,,,0.472,0.268,0.260
2026-05-03 06:45,78103.9,85.8,0.271,21.9,NO_TRADE,low_confidence,0.000,,,,0.477,0.281,0.242
2026-05-03 07:00,78249.0,94.6,0.479,20.4,NO_TRADE,low_confidence,0.000,,,,0.469,0.256,0.275
2026-05-03 07:15,78301.5,98.2,0.573,21.2,NO_TRADE,direction_blocked,0.000,,,,0.500,0.278,0.222
2026-05-03 07:30,78366.4,99.1,0.573,21.3,NO_TRADE,direction_blocked,0.000,,,,0.502,0.279,0.219
2026-05-03 07:45,78347.9,98.1,0.573,21.3,NO_TRADE,direction_blocked,0.000,,,,0.489,0.279,0.232
2026-05-03 08:00,78316.6,100.6,0.583,21.0,NO_TRADE,low_confidence,0.000,,,,0.470,0.264,0.266
2026-05-03 08:15,78409.2,97.3,0.562,22.5,NO_TRADE,low_confidence,0.000,,,,0.480,0.256,0.264
2026-05-03 08:30,78375.4,95.5,0.510,23.2,NO_TRADE,direction_blocked,0.000,,,,0.507,0.261,0.232
2026-05-03 08:45,78397.8,100.2,0.573,22.9,NO_TRADE,direction_blocked,0.000,,,,0.519,0.266,0.215
2026-05-03 09:00,78343.5,98.3,0.573,23.3,NO_TRADE,direction_blocked,0.000,,,,0.487,0.252,0.261
2026-05-03 09:15,78364.0,92.1,0.365,22.6,NO_TRADE,direction_blocked,0.000,,,,0.483,0.248,0.269
2026-05-03 09:30,78459.9,102.1,0.615,23.4,NO_TRADE,direction_blocked,0.000,,,,0.513,0.258,0.229
2026-05-03 09:45,78473.9,107.0,0.677,24.5,NO_TRADE,direction_blocked,0.000,,,,0.494,0.254,0.252
2026-05-03 10:00,78496.6,96.8,0.490,26.4,NO_TRADE,direction_blocked,0.000,,,,0.523,0.257,0.220
2026-05-03 10:15,78454.4,105.2,0.646,25.3,NO_TRADE,direction_blocked,0.000,,,,0.508,0.252,0.240
2026-05-03 10:30,78394.0,96.5,0.469,25.1,NO_TRADE,direction_blocked,0.000,,,,0.502,0.250,0.247
2026-05-03 10:45,78412.5,92.4,0.344,25.1,NO_TRADE,low_confidence,0.000,,,,0.472,0.241,0.287
2026-05-03 11:00,78369.4,96.3,0.458,24.6,NO_TRADE,low_confidence,0.000,,,,0.476,0.244,0.279
